{"stats":{"minecraft:killed":{"minecraft:sheep":4,"minecraft:skeleton":3,"minecraft:spider":5,"minecraft:zombie":1,"minecraft:pig":3,"minecraft:creeper":1,"minecraft:stray":4,"minecraft:cow":2},"minecraft:picked_up":{"minecraft:tipped_arrow":2,"minecraft:arrow":1,"minecraft:bone":4,"minecraft:rotten_flesh":2,"minecraft:bow":1,"minecraft:leather":2,"minecraft:beef":1,"minecraft:porkchop":3,"minecraft:rabbit":1,"minecraft:string":3,"minecraft:spider_eye":1,"minecraft:white_wool":1},"minecraft:used":{"minecraft:white_wool":24,"minecraft:netherite_axe":37},"minecraft:custom":{"minecraft:open_barrel":3,"minecraft:time_since_rest":7742,"minecraft:play_time":7742,"minecraft:sprint_one_cm":13498,"minecraft:walk_one_cm":20508,"minecraft:sneak_time":5,"minecraft:mob_kills":23,"minecraft:jump":121,"minecraft:damage_dealt":3420,"minecraft:leave_game":1,"minecraft:walk_on_water_one_cm":143,"minecraft:time_since_death":7742,"minecraft:total_world_time":7742,"minecraft:fall_one_cm":418,"minecraft:fly_one_cm":48319}},"DataVersion":3465}